unigram,count,beginning_count
wikinews,211,37
2004,154,1
benutzer,148,2
dez,122,0
gelöscht,108,0
kategorie,107,59
elian,106,0
titel,77,41
mathias,65,0
schindler,65,0
artikel,63,9
12,61,6
inhalt,55,0
alter,53,1
de,53,1
4,49,5
fuer,47,1
wikipedia,47,3
url,44,39
quelle,44,39
datum,43,39
5,42,0
medium,40,40
1,39,6
2006,38,1
·,34,0
3,34,4
hilfe,31,7
portal,30,2
19,30,12
diskussion,29,0
2005,27,1
blaite,26,0
03,26,9
kategorien,26,1
10,25,5
01,23,5
–,23,0
hauptseite,23,4
png,22,0
akl,22,0
portallink,21,21
hintergrundfarbe,21,0
portalname,21,0
w,21,0
online,21,0
vorlage,21,6
spezial,21,1
0,20,0
22,20,12
20,20,7
heute,20,1
quellen,20,6
datei,20,11
redirect,18,0
23,18,13
18,18,7
21px,18,0
6,18,1
dezember,18,4
wurde,18,0
bitte,18,5
ueber,18,0
waves,18,0
15,17,6
deutschland,17,0
seite,17,2
löschen,17,0
13,16,11
artikeln,16,0
deutsche,16,1
wikimedia,16,0
14,15,5
05,15,6
06,15,1
00,15,9
recentchanges,15,0
000,15,0
11,14,3
bild,14,5
per,13,12
8,13,0
cet,13,0
2,13,2
politik,12,0
neue,12,1
timel,12,0
news,12,0
21,12,11
7,12,4
existieren,12,0
streitkraefte,11,7
08,11,5
themenportal,11,0
siehe,11,3
bereinigung,11,3
07,11,2
special,10,0
the,10,3
right,10,0
nachrichten,10,0
heise,10,0
document,10,2
16,10,5
dab,10,0
left,9,0
seiten,9,1
commons,9,0
30,9,4
month,9,0
ago,9,0
spiegel,9,1
wiki,9,1
artikelstatus,9,5
newsticker,8,0
org,8,0
readers,8,0
svg,8,0
mfg,8,1
portale,8,0
vorerst,8,0
bundesverfassungsgericht,8,1
2007,8,1
tag,8,3
edition,8,0
m,8,1
meldung,8,1
urv,8,0
michaeldiederich,8,0
schwammberger,7,0
26,7,4
verboten,7,0
staaten,7,0
25,7,4
utc,7,0
aonloadfunctions,7,2
wirtschaft,7,0
04,7,2
yes,7,0
november,7,3
oktober,7,5
59,7,0
weitere,7,1
ukraine,7,0
freien,7,0
militaerwesen,7,1
men,7,0
laut,7,3
bereits,7,0
cest,7,0
einsortierung,7,7
china,7,0
…,7,1
namen,7,1
thunderbird,6,0
denen,6,0
telefone,6,0
gibt,6,1
test,6,0
gestartet,6,0
allpages,6,0
i,6,0
sollen,6,0
menschen,6,0
erst,6,1
europa,6,0
finden,6,0
möglich,6,0
bhopal,6,0
neuen,6,0
lizenzbestimmungen,6,1
liste,6,1
freigegeben,6,0
berichterstattung,6,0
computer,6,0
plaene,6,0
kategorienanzahl,6,0
juli,6,2
fertig,6,0
januar,6,3
recht,6,0
dateien,6,1
ausgabe,6,0
seit,6,2
ja,6,2
pressestammtisch,6,0
passen,6,0
wegen,6,0
09,6,2
wolfdieter,6,0
24,6,2
verfuegung,6,1
var,6,5
wurden,6,0
aenderungen,6,0
meilensteine,5,0
mehr,5,0
indymedia,5,0
lottozahlen,5,0
en,5,2
schwesterprojekte,5,2
51,5,0
mai,5,3
40,5,0
sollten,5,1
2011,5,1
berlin,5,0
urteil,5,1
02,5,2
category,5,4
dow,5,0
muessen,5,0
september,5,1
action,5,0
soziales,5,0
wahl,5,0
2008,5,1
archiv,5,0
arbeit,5,0
letzte,5,0
57,5,0
pro,5,0
jun,5,0
erklaert,5,0
wissenschaft,5,0
beginn,5,5
aktuelle,5,1
34,5,0
27,5,0
uhr,5,0
17,5,3
telekomvorwahl,5,0
zusammenfassung,5,0
autor,5,0
zuschreibung,5,1
bbc,5,1
35,5,0
ausland,5,0
chemical,5,0
einstweilige,5,0
könnten,5,1
regionalkategorien,5,0
journalisten,5,0
voreingestellter,4,0
besser,4,3
doppelt,4,0
hilfeseiten,4,1
a,4,0
einsatz,4,0
beispiel,4,0
veröffentlicht,4,0
hendrik,4,0
quellenangaben,4,1
projekte,4,1
projekt,4,1
onload,4,0
orange,4,0
organisation,4,0
verwendet,4,0
originaere,4,0
originalbericht,4,0
josef,4,0
presse,4,0
global,4,0
gilt,4,1
verwenden,4,0
grund,4,1
immer,4,0
netzeitung,4,0
location,4,0
link,4,0
inverssuche,4,0
laender,4,1
kurze,4,1
kultur,4,0
kopiert,4,0
konnte,4,0
computerhackers,4,0
kollaborative,4,1
kleine,4,1
jedermann,4,0
darf,4,0
jedoch,4,0
kannst,4,1
juni,4,2
d8,4,0
d9,4,0
29,4,2
dabei,4,2
links,4,0
löschkandidaten,4,0
netz,4,0
deutschen,4,0
namespace,4,2
nachrichtenportal,4,0
html,4,0
nachricht,4,0
id,4,0
if,4,4
revolution,4,0
momentan,4,0
bisher,4,2
mitmachen,4,0
wenig,4,0
indexof,4,0
46,4,0
meinungsbild,4,0
width,4,4
medien,4,0
informationen,4,0
brummermann,4,0
mal,4,0
gab,4,0
journalismus,4,0
schritte,4,0
thema,4,0
angemeldete,4,0
übersicht,4,0
ab,4,0
teil,4,0
angelegt,4,0
s,4,0
existiert,4,0
freie,4,0
unnötiger,4,0
anmerkung,4,3
telepolis,4,0
aufmacher,4,0
sei,4,0
eltern,4,0
search,4,1
stellen,4,0
sowie,4,0
schreiben,4,0
august,4,2
schon,4,0
faq,4,0
aktuell,4,0
f,4,0
aktuellen,4,0
erste,4,1
entstehen,4,0
brauche,3,0
angebotes,3,0
buergerjournalismus,3,0
stelle,3,2
deutschsprachige,3,0
mediawiki,3,2
buerger,3,0
stehen,3,1
deutschsprachigen,3,0
magazin,3,0
strahlung,3,0
wichtig,3,0
macht,3,0
folgende,3,2
blogs,3,1
ifexist,3,3
enthalten,3,0
56,3,0
name,3,0
hochladen,3,1
nachrichtenquelle,3,0
form,3,0
unschluessig,3,0
möchte,3,0
mutterkonzernes,3,0
ifeq,3,0
sprachen,3,0
49,3,0
52,3,0
bill,3,0
anlegen,3,0
staat,3,0
index,3,0
welt,3,0
mindestens,3,0
wikibooks,3,0
standard,3,0
start,3,0
wer,3,0
derzeit,3,0
inhalte,3,0
u,3,1
chrgermany,3,0
kosmische,3,0
alten,3,0
kopieren,3,0
jahre,3,0
jahren,3,0
com,3,0
erwirkt,3,0
kommunikation,3,1
erster,3,0
themenbereich,3,0
falschmeldung,3,0
window,3,1
wirklich,3,0
juschtschenko,3,0
jupitermond,3,0
tron,3,0
title,3,0
31,3,1
tonline,3,0
erklaerung,3,0
trennt,3,0
jahr,3,0
especial,3,1
telekom,3,0
euro,3,0
bundestag,3,1
detektor,3,0
betrieb,3,0
logo,3,0
suedamerika,3,0
insbesondere,3,1
39,3,0
börsenindizes,3,2
lizenz,3,1
c,3,0
listusers,3,0
ereignisse,3,0
administratoren,3,1
tages,3,0
37,3,0
wohl,3,1
laendern,3,0
wikis,3,0
it,3,2
days,3,0
tausende,3,1
hinweis,3,2
meldungen,3,0
diskutieren,3,0
abgeschaltet,3,0
edit,3,0
gruppe,3,0
empfehlungen,3,0
zwei,3,0
gruss,3,0
verschieben,3,0
hand,3,0
heiseverlag,3,0
end,3,3
gelten,3,0
hauptkategorie,3,0
b,3,0
zeitung,3,0
rund,3,0
samstag,3,0
beitrag,3,1
empfehlung,3,0
schalter,3,0
pressespiegel,3,1
gerade,3,0
gesundheit,3,0
gerne,3,0
eigenen,3,0
begruendung,3,1
politikdigital,3,0
begin,3,3
verstorbenen,3,0
versionen,3,0
9,3,0
bedingungen,3,0
verschoben,3,0
geht,3,1
benötigt,3,0
post,3,0
ausserdem,3,2
riesiger,3,0
foundation,3,0
urheberrechte,3,0
functions,3,0
drei,3,0
nikolaus,3,0
formulieren,3,0
rssfeed,3,0
regeln,3,0
ausser,3,0
no,3,2
notcategory,3,3
nordamerika,3,0
58,3,0
rc,3,0
ableger,3,0
entfernen,3,0
sonderzeichen,3,2
heisst,3,0
referenzliste,3,1
zeit,3,0
gesammelt,2,0
gate,2,0
job,2,0
ismainpagefront,2,0
gebot,2,0
fussballergebnisse,2,0
genau,2,0
geschehen,2,0
fuenf,2,0
ismainpage,2,0
gas,2,0
ersetzt,2,0
gesetz,2,0
erstellt,2,0
genannte,2,0
geld,2,0
wirtschaftliche,2,0
jahresbericht,2,0
gehörenden,2,0
geklaert,2,0
gehen,2,0
eskaliert,2,0
isdiff,2,0
function,2,0
ethik,2,0
страница,2,0
zitat,2,0
gemaess,2,0
gehalten,2,0
gemeinfreiheit,2,0
wobei,2,0
gegenueber,2,0
genannt,2,0
gewaehrsmann,2,0
ipadresse,2,0
zweite,2,0
he,2,2
headline,2,0
zeiten,2,0
fernhaelt,2,0
frankfurter,2,0
hennigsdorf,2,0
zdnet,2,0
inc,2,0
import,2,0
image,2,1
fi,2,2
fragen,2,0
finisterra,2,0
fr,2,2
firmensprecher,2,0
ganz,2,0
for,2,1
hu,2,2
y,2,0
hinrichtung,2,0
hochgeladen,2,0
formular,2,1
wörtlich,2,0
hauptseitentitel,2,0
write,2,0
ziel,2,0
feiern,2,0
übereinstimmung,2,0
interview,2,1
gestellt,2,0
instant,2,0
extern,2,0
inland,2,0
gestorben,2,0
formate,2,1
fa,2,1
gewinnen,2,0
zh,2,2
freitag,2,0
golem,2,0
worden,2,0
zeitungen,2,1
world,2,0
grundlegende,2,0
farben,2,0
worten,2,0
halbgeviertstrich,2,0
handbuch,2,0
feb,2,0
hauptportal,2,0
fussballergenisse,2,0
trage,2,0
jpg,2,0
ro,2,2
vergleich,2,0
reformplaene,2,0
regierung,2,0
vergangenen,2,0
regionalwetter,2,0
reine,2,0
reisenachrichten,2,0
rheinmaingebiet,2,0
richtige,2,0
ru,2,2
willkommen,2,0
rumsfeld,2,0
scheint,2,0
schlecht,2,2
schnelllöschantrag,2,1
schreibt,2,0
verfasst,2,0
schweiz,2,0
schwierige,2,0
sd,2,2
rechte,2,0
verkauf,2,0
vermischtes,2,0
r4,2,0
verteidigungsminister,2,0
portada,2,1
portals,2,0
pov,2,0
praesidentschaftswahl,2,0
praesidentschaftswahlen,2,0
pressde,2,0
presseanfragen,2,1
pressemitteilung,2,1
verschiedenen,2,0
prozent,2,0
psychoglobal,2,0
pt,2,2
punkt,2,0
vernehmen,2,0
quellenangabe,2,0
quellenlos,2,0
quellenverzeichnis,2,0
queue,2,0
v,2,1
usdollar,2,0
selber,2,0
strana,2,0
ungueltig,2,0
suche,2,0
umwelt,2,0
t,2,0
ta,2,2
taeuschung,2,0
technik,2,0
teilweise,2,0
umlaufgesichertes,2,0
uk,2,2
telekommunikation,2,0
uebernommen,2,0
texte,2,1
th,2,2
themenverwandte,2,2
thumb,2,0
tutoren,2,0
true,2,0
toten,2,0
streit,2,0
stimmen,2,0
sender,2,0
statistiken,2,0
sic,2,0
sinus,2,0
sofort,2,0
software,2,0
update,2,0
sonstiges,2,2
souveraener,2,0
soweit,2,0
unveröffentlicht,2,0
spaeter,2,0
unterkategorien,2,0
spenden,2,0
spielwiese,2,0
sport,2,0
sprache,2,0
sr,2,2
staatsformen,2,0
starten,2,0
statistik,2,0
verwaiste,2,0
plauderecke,2,0
verwende,2,1
localmonthname,2,0
logbuch,2,0
lokal,2,0
wikinewsakkreditierten,2,0
löschregeln,2,0
maer,2,0
mailto,2,0
main,2,0
marke,2,0
wiederhergestellt,2,0
mathiasschindler,2,0
media,2,0
medizin,2,0
tp,2,0
messaging,2,0
whatlinkshere,2,0
mitarbeiter,2,0
monat,2,0
monaten,2,0
mord,2,0
localyear,2,0
lizenzbedingungen,2,0
muesste,2,0
wikinews®,2,2
kategorisierung,2,1
klammern,2,0
wiktionary,2,0
kommen,2,0
kommentar,2,0
wikispecies,2,0
kontakt,2,0
kontinent,2,0
krieg,2,0
kritik,2,0
kundschaft,2,0
laenderkategorien,2,0
wikisource,2,0
lars,2,0
lassen,2,0
wikipediaartikel,2,0
lehrbuecher,2,0
length,2,0
leser,2,1
mptitle,2,0
weiterleitung,2,1
pl,2,2
oesterreich,2,0
offiziellen,2,0
viele,2,0
veröffentlichung,2,0
veröffentlichen,2,0
onlineenzyklopaedie,2,0
onlinejournalismus,2,0
onlinelexikon,2,0
onlyifeditingfunctions,2,0
verwendete,2,0
organisationen,2,0
ozeanien,2,0
pagina,2,0
parlament,2,0
parlamentsbeteiligungsgesetz,2,0
partei,2,0
erlaubt,2,0
pcmagazin,2,1
pcwelt,2,0
personalie,2,0
viktor,2,0
oeffentlichkeit,2,0
multiple,2,0
nutzungsrecht,2,0
möglichkeiten,2,0
website,2,1
weblogs,2,0
nachrichtenplattform,2,0
nachrichtenseite,2,0
nachrichtentitel,2,0
namens,2,0
namensvorschlaege,2,0
nehmen,2,0
net,2,0
neuer,2,1
neutralitaet,2,0
neuwahlen,2,0
nirwanistan,2,0
notoc,2,2
vorabversion,2,0
ns,2,1
nutzen,2,0
nutzerstatistik,2,0
erreicht,2,0
kommunikationsguerilla,2,0
aleber,2,0
augenkrebsfördernde,2,0
ca,2,2
bzw,2,0
eintraege,2,0
beta,2,0
beteiligen,2,0
40px,2,0
auflistung,2,0
41,2,0
bewaffneter,2,0
dinge,2,0
43,2,0
beyer,2,0
44,2,0
bundeswehr,2,0
dion,2,0
47,2,0
bundesverfassungsgerichts,2,0
deutscher,2,0
32,2,0
automatisierte,2,0
300px,2,0
auswaertiges,2,0
darunter,2,0
berichtet,2,0
analoges,2,0
aehnliches,2,0
enthaelt,2,0
ententeich,2,0
ae,2,0
2009,2,0
2010,2,1
ausnahme,2,1
222,2,0
anfuehrungszeichen,2,0
besonders,2,0
englischsprachige,2,1
enable,2,0
28,2,1
bundestages,2,0
eingetragene,2,0
eingestellt,2,0
bezieht,2,0
anzahl,2,0
ehemalige,2,0
brandenburg,2,0
dplisten,2,0
editwars,2,0
apple,2,0
april,2,1
bot,2,1
border,2,1
ar,2,2
bombenanschlagsserie,2,0
bleibt,2,0
blödsinn,2,0
architektur,2,0
blick,2,0
ard,2,0
argentinien,2,0
bildung,2,0
artikelzahl,2,1
eigene,2,0
diskussionsseite,2,0
bundespolitik,2,0
bundesnetzagentur,2,0
bg,2,2
anpacken,2,0
attribution,2,0
55,2,0
antarktika,2,0
antennenfernsehen,2,0
bilden,2,0
bs,2,2
asperg,2,0
donald,2,0
einfach,2,0
asien,2,0
doppelten,2,0
bildbeschreibungsseite,2,0
aeltere,2,0
33,2,0
autors,2,0
chat,2,0
afrika,2,0
allerdings,2,0
bauwewsen,2,0
bekannt,2,0
aktenzeichen,2,0
amtsgericht,2,0
bearbeitungen,2,1
entwickelt,2,0
erik,2,0
beim,2,1
bericht,2,0
beizutragen,2,0
chronik,2,0
cs,2,2
amsel,2,0
bearbeiten,2,0
dafuer,2,0
creative,2,1
alte,2,0
content,2,0
community,2,0
conny,2,0
benutze,2,2
channel,2,0
b5,2,0
center,2,0
beiden,2,0
bauwesen,2,0
ag,2,0
bekommt,2,0
erdbeben,2,0
banner,2,1
000ste,2,0
behandeln,2,0
entsprechend,2,0
beachten,2,0
berichte,2,0
amerikanischer,2,0
100,2,0
sprengstoff,1,0
alt,1,0
alternativer,1,0
sprecher,1,0
sprechen,1,0
sperrung,1,0
announcement,1,0
spesial,1,0
anlaessen,1,0
spitzname,1,1
spezielle,1,0
alternative,1,0
spriessen,1,0
sprachausgabe,1,0
altpapier,1,0
anpassen,1,0
telefon,1,0
anschrift,1,0
altersschwaeche,1,0
spinoffprojekt,1,0
telefonieren,1,0
terminangabe,1,0
antrags,1,0
arbeitet,1,0
sortieren,1,0
alleine,1,0
sonne,1,0
sonicr,1,0
arbeiten,1,0
somit,1,0
somerightsreserved,1,0
themen,1,0
alleinige,1,0
align,1,1
soldaten,1,0
soldat,1,0
sohnes,1,0
archivseiten,1,1
alfred,1,0
sofern,1,1
sortiert,1,0
sowas,1,0
spekuliert,1,0
text,1,0
spekulativ,1,0
allgemeinen,1,0
specjalna,1,0
speciální,1,0
speciális,1,0
allgemeine,1,0
speciale,1,0
spanien,1,0
textportal,1,0
spaetestens,1,0
anzufertigen,1,0
sozialethik,1,0
anzupassen,1,0
allg,1,0
textgestaltung,1,0
anzuraten,1,0
ss,1,0
tecchannel,1,0
sslagerkommandant,1,0
strand,1,0
strona,1,0
amt‬,1,0
anerkennung,1,0
streitet,1,0
anfang,1,0
taeglich,1,0
streicht,1,0
streben,1,0
taetigkeiten,1,0
ssoberscharfuehrer,1,0
amt,1,0
angabe,1,0
tagblatt,1,0
angaben,1,0
stern,1,0
tage,1,0
stellt,1,0
angeblichen,1,0
stunden,1,0
sturmtief,1,0
stuttgart,1,0
ana,1,0
switch,1,0
sv,1,1
suppresserrors,1,1
summiert,1,0
suite101,1,0
sueddeutsche,1,0
suedamerikanisches,1,1
analyse,1,0
sudan,1,0
suchfunktion,1,1
suchen,1,0
andy,1,0
suchabfragen,1,1
substr,1,0
substituieren,1,0
submit,1,0
symlink,1,0
angeboten,1,0
stehenden,1,0
sitzt,1,0
stagnliste,1,0
staerkste,1,0
staendigen,1,0
tageszeitung,1,0
stadtwikis,1,0
stadtwiki,1,0
anhalten,1,0
staatsbuergerschaft,1,0
tatsaechlich,1,0
tatsaechlichen,1,0
staats,1,0
staatenlisten,1,0
taz,1,0
amateure,1,0
anklage,1,0
technisch,1,0
ankuendigung,1,0
st,1,0
stagn,1,0
stand,1,0
angegebenen,1,0
tageshoch,1,0
steckenbleibt,1,0
stattgabe,1,0
stattdessen,1,0
statt,1,1
angekuendigt,1,0
angepasst,1,0
statements,1,0
startet,1,0
angestellten,1,0
tagen,1,0
angestellter,1,0
starben,1,0
starb,1,0
standpunktes,1,0
anhaenger,1,0
tagesaktuellen,1,0
tagesgeschehen,1,0
slashdot,1,0
erlaeuterungen,1,0
sisterlinks,1,1
raum,1,0
recents,1,0
recentes,1,0
recente,1,0
aussenpolitik,1,0
reagiert,1,0
readersedition,1,0
aussicht,1,0
reader,1,0
ausstrahlung,1,1
rauschen,1,0
rasant,1,0
siste,1,0
auswaertigen,1,0
quezon,1,0
automatisch,1,0
quellenabschnitte,1,0
bank,1,0
que,1,0
qualitaetsverbesserung,1,0
página,1,0
purge,1,0
punkte,1,0
recherchetipps,1,0
ausschuss,1,0
ausschuessen,1,0
rechteinhabers,1,0
rekord,1,0
ausfaellt,1,0
reis,1,0
ausfuehrliche,1,0
reicht,1,0
regulierungsbehörde,1,0
ausgab,1,0
ausgebildete,1,0
regionaler,1,0
regionalen,1,0
regierungskandidat,1,0
ausgeliefert,1,0
regelung,1,0
ausgereift,1,0
regel,1,0
ausgesetzt,1,0
referendum,1,0
reduziert,1,0
ausschuesse,1,0
rede,1,0
rechts,1,0
barbara,1,0
publizistik,1,0
bare,1,0
bayerischer,1,0
bbcberichts,1,0
pressefreiheit,1,0
presseberichte,1,0
bbcworld,1,0
bbcworldinterview,1,0
press,1,0
beantwortet,1,0
početna,1,0
poynter,1,0
bearbeiteter,1,0
posebno,1,0
bedarf,1,0
bedeutung,1,0
befanden,1,0
portalen,1,0
befinden,1,0
befindet,1,0
befuerchtet,1,0
begrub,1,1
polen,1,0
beide,1,0
pressemitteilungen,1,0
prettytable,1,0
bauchnabel,1,0
principal,1,0
pseudonym,1,0
bauernhöfe,1,0
provinz,1,0
prometheus,1,0
projektseite,1,0
projektportal,1,1
projektinterne,1,0
projektintere,1,0
projektes,1,0
baurecht‬,1,0
baut,1,0
project,1,1
profitieren,1,0
professor,1,0
produktion,1,0
problemartikel,1,0
problem,1,0
probiern,1,0
print,1,0
principală,1,0
principale,1,0
renommiertester,1,0
replacement,1,0
reporter,1,0
artikelnamensraum,1,0
see,1,1
sechs,1,0
artikelschmiede,1,0
artikeltexte,1,0
these,1,0
schön,1,0
schwindler,1,0
schwindel,1,0
arts,1,0
schwere,1,0
schweizer,1,1
ascending,1,0
asiatisches,1,1
schwaeche,1,0
schutzstaffel,1,0
asp,1,0
schreibfehlers,1,0
schreibe,1,0
schreib,1,0
at,1,0
schnurlosen,1,0
seht,1,0
artikelkategorisierungen,1,1
schnelllöschkandidat,1,0
seitdem,1,0
sinnvoll,1,0
sinken,1,0
silvester,1,0
silicon,1,0
armee,1,0
siechen,1,0
sieben,1,0
sicher,1,0
arnu,1,0
seufz,1,0
setup,1,1
server,1,1
array,1,0
sep,1,0
art,1,0
senaste,1,0
selebt,1,0
arten,1,0
seitenbearbeitungen,1,1
artikelchronik,1,0
artikelkategorisierung,1,0
schnelllöschkandidaten,1,0
atpl,1,0
rettungsmissionen,1,0
rundfunk,1,0
rumgetickere,1,0
ruhrgebiet,1,0
rufnummer,1,0
rueckwaertssuche,1,0
rueckt,1,0
aufmerksamkeit,1,0
rtmark,1,1
aufschub,1,0
rponline,1,0
rotgruenen,1,0
roland,1,0
aufzubauen,1,0
ringmaterial,1,0
aufzufuehren,1,0
aufzulösen,1,0
richtung,1,0
richtigen,1,0
richten,1,0
auptseite,1,0
auseinandersetzungen,1,0
reuters,1,0
aufgeweicht,1,0
rundschau,1,0
schneller,1,0
récentes,1,0
schliesst,1,0
schlage,1,1
audiodateien,1,0
schimbări,1,0
schicken,1,0
scherz,1,0
scherenaehnlichen,1,0
schere,1,0
scheiterten,1,0
aufbau,1,0
schattendasein,1,0
aufgefuellt,1,0
schaffen,1,0
schade,1,0
sayfa,1,0
satz,1,0
sass,1,0
aufgelistet,1,0
sagen,1,0
sack,1,0
aufgetreten,1,0
scontent,1,0
totgeschrieben,1,0
this,1,0
wichtigste,1,0
wikipedianern,1,0
wikipediaeintrag,1,0
3672,1,0
374,1,0
38,1,0
wikinewsnamensraum,1,0
wikinewsmitarbeiter,1,0
wikinewsmeldung,1,0
wikinewsler,1,0
wikinewsdilemma,1,0
wikinewsdel,1,0
wikinewscommunity,1,0
wikinewscanadalogo,1,0
wikinewsbreakingnews2,1,0
wikinewsautoren,1,0
400,1,0
wikimediapresseteam,1,0
wikimacher,1,0
42,1,0
wikiblogflickrfurl,1,0
wiesbadener,1,0
wiener,1,0
45,1,0
wikipediaprojekt,1,0
wikipedias,1,0
wikiqoute,1,0
wired,1,0
2300,1,0
2345866,1,0
25px,1,0
without,1,0
wissensdatenbanken,1,0
wissenschaftlter,1,0
wissenschaftler,1,0
286,1,0
wirf,1,0
wireservice,1,0
323,1,0
wikiquote,1,0
willige,1,0
wiktor,1,0
336,1,0
wikt,1,0
wikizprávy,1,0
wikiversum,1,0
wikiversity,1,0
346,1,0
36,1,0
366,1,0
widerstreitende,1,1
4a4a4a,1,0
vorhaben,1,0
wettbewerb,1,0
warum,1,1
wartung,1,0
wann,1,0
wanhoff,1,0
wahrsageforum,1,0
597,1,0
waeren,1,0
waere,1,0
waehrend,1,0
waehle,1,0
waechst,1,0
wachsen,1,0
5b92e5,1,0
változtatások,1,0
voy,1,0
vorstellung,1,0
vorsitzenden,1,0
vorschlagen,1,0
vorschlaege,1,0
vorlagen,1,0
600,1,0
vorherige,1,0
vorher,1,0
59380,1,0
way,1,0
wazgruppe,1,0
weiterleitungen,1,0
wertungen,1,0
wert,1,0
werkzeug,1,0
werke,1,0
werbetexte,1,0
4websites,1,0
50,1,0
weltkrieg,1,0
500,1,0
weitervererben,1,0
53,1,0
web,1,0
weiterhin,1,0
weiterhelfen,1,0
weiterentwickeln,1,0
53918,1,0
weite,1,0
weidemann,1,0
54,1,0
wech,1,0
webseite,1,0
555,1,0
2106323,1,0
20jaehrige,1,0
wortlaut,1,0
wozu,1,0
промени,1,0
последни,1,0
посебно,1,0
начална,1,0
заглавная,1,0
головна,1,0
главна,1,0
006,1,0
01a6f3,1,0
öffentlichen,1,0
öffentlich,1,0
»nutzer,1,0
060,1,0
zwölffachen,1,0
zwölf,1,0
zwischenzeitlich,1,0
zweiter,1,0
zweiten,1,0
116,1,0
zwanzigste,1,0
zuvor,1,0
zutreffende,1,0
zustimmung,1,0
служебная,1,0
специални,1,0
спеціальні,1,0
صفحو,1,0
特別,1,0
メインページ,1,0
†,1,0
003492,1,0
หน้าหลัก,1,0
พิเศษ,1,0
முதற்,1,0
பக்கம்,1,0
சிறப்பு,1,0
مُک,1,0
خاص,1,0
страна,1,0
الصفحة,1,0
الرئيسية,1,0
التغييرات,1,0
أحدث,1,0
שינויים,1,0
ראשי,1,0
עמוד,1,0
מיוחד,1,0
אחרונים,1,0
005,1,0
zustimmen,1,0
zustand,1,0
150px,1,0
z,1,0
1992,1,0
zeilen,1,0
zeigen,1,0
zeichnet,1,0
zehntausendsten,1,0
1994,1,0
zdfheute,1,0
zdf,1,0
zahlenformate,1,1
zahl,1,0
1999,1,0
zeitpunkt,1,0
yahoo,1,0
2001,1,0
x65px,1,0
x30px,1,0
20041205,1,0
www,1,0
wuerden,1,0
wuerde,1,0
wuenschten,1,0
2012,1,0
1987,1,0
zeitschriften,1,0
zusammenlegen,1,0
zuendfunk,1,0
zusammenhang,1,0
15dc2c,1,0
zurueckholen,1,0
zumindest,1,0
zukunft,1,1
zugriffszahlen,1,0
zugeordnet,1,0
zugaenglichen,1,0
zufolge,1,0
zuerst,1,0
zudem,1,0
19123,1,0
zoomer,1,0
zmiany,1,0
zitiert,1,0
zitatsammlung,1,0
1814s,1,0
1881152,1,0
18928,1,0
zentral,1,0
zensur,1,0
1900828,1,0
vorhanden,1,0
60px,1,0
thueringen,1,0
ueberwiegend,1,0
unblogbar,1,0
unblock,1,0
unbeschraenktes,1,0
unabhaengigkeitsgrades,1,0
unabhaengiger,1,0
unabhaengig,1,0
umzugehen,1,0
umzubenennen,1,0
addfirstcategorydate,1,1
umwege,1,0
umstrukturierung,1,1
umleitung,1,0
umgezogen,1,0
umgefallen,1,0
umfasst,1,0
umfassende,1,0
umbenannt,1,0
ultimemodifiche,1,0
ukrainische,1,0
aehnlich,1,0
aehnlichen,1,0
uhrzeit,1,0
ugly,1,0
unfaelle,1,0
unfall,1,0
ungarische,1,0
unternehmen,1,0
absicht,1,0
unwiderruflich,1,0
abzudecken,1,0
unverbindlich,1,0
unterzeichnungen,1,0
unterzeichnt,1,0
unterschreiben,1,0
unterscheiden,1,0
untersagt,1,0
unternehmer,1,0
unterlegenen,1,0
ungarn,1,0
accueil,1,0
untergeordnet,1,0
unten,1,0
unsinn,1,0
achtung,1,0
ad,1,0
unnötige,1,0
unmittelbaren,1,0
unheilbaren,1,0
ada,1,1
uebte,1,0
uebersetzt,1,0
61538,1,0
ueberraschenden,1,0
travemuende,1,0
tragen,1,0
traditional,1,0
tr,1,1
akkreditierung,1,0
plazieren,1,0
tot,1,0
topmeldung,1,0
toolserverprojekte,1,0
aktienkurs,1,0
toiminnot,1,0
toc,1,0
tobias,1,0
titus,1,0
aktive,1,0
titels,1,0
aktualisieren,1,0
tippfehler,1,0
times,1,0
aktualisiert,1,0
tiere,1,0
aktuelles,1,0
akzeptieren,1,0
trends,1,0
afrikanisches,1,1
treue,1,0
ubahnfahrstuhldiebstahl,1,0
ueberpruefen,1,0
uebernehmen,1,0
ueberlassen,1,0
ueberhaupt,1,0
uebergeben,1,0
ueberfluessig,1,0
ueberfluegelt,1,0
ueberdenken,1,0
ueberarbeiten,1,0
aelteren,1,0
aelterer,1,0
tritt,1,1
typo,1,0
tv,1,0
aendringar,1,0
tuoreet,1,0
tun,1,0
tuerkei,1,0
truebe,1,0
aeste,1,0
trost,1,0
tropensturm,1,0
urheber,1,0
abschreiben,1,0
urheberrechtlich,1,0
abrufbar,1,0
verweist,1,0
verwaltung,1,0
84,1,0
verwaist,1,0
vervielfaeltigen,1,0
verurteilte,1,0
vertrieb,1,0
vertreter,1,0
87,1,0
verteidigung,1,0
versucht,1,0
873f0e,1,0
verstorbene,1,0
verstorben,1,0
8c,1,0
versichere,1,1
versehentlich,1,0
900,1,0
903,1,0
verschiebung,1,0
92,1,0
verschaerfter,1,0
verpflichtet,1,0
83126,1,0
81,1,0
7tagelöschregelung,1,0
65,1,0
voreingestellt,1,0
vorbereitung,1,0
636,1,0
vollzeitphilantrop,1,0
vollstreckungsschutz,1,0
vollstaendige,1,1
volle,1,0
volksrepublik,1,0
voices,1,0
virtuelle,1,0
view,1,0
770,1,0
vielen,1,0
650,1,0
videos,1,0
681,1,0
veröffentlichte,1,0
711,1,0
722,1,0
verzug,1,0
verzichten,1,0
verwendeten,1,0
94,1,0
vermissen,1,0
960,1,0
veraendern,1,0
vereinfachte,1,0
vereinbarung,1,0
verbreitung,1,0
verbreiten,1,0
abgaben,1,0
verbot,1,0
verbilligt,1,0
verbessert,1,0
verarbeiten,1,0
verantwortung,1,0
verabschiedete,1,0
vereinigten,1,0
abgeordneten,1,0
vandalismus,1,0
abgeschlossen,1,0
abhaengiges,1,0
abkuerzung,1,0
usd,1,0
us,1,0
abkuerzungsregeln,1,0
urteile,1,0
ablaeufe,1,0
vereinheitlichung,1,1
vereinigtes,1,0
vermehrt,1,0
999999,1,0
verloren,1,0
verlinkung,1,0
verletzt,1,0
verlauten,1,0
verlassen,1,0
verlangt,1,0
verlangen,1,0
verlag,1,0
verlaengern,1,0
verkuerzen,1,0
verjaehrt,1,0
verfahren,1,0
verhindern,1,0
vergleichbare,1,0
a7,1,0
vergiftung,1,0
aa,1,0
aaa,1,0
verfassungsstreit,1,0
verfassungsrecht,1,0
verfassungsbeschwerde,1,0
abbildungen,1,0
plenardebatte,1,0
page,1,0
plaudern,1,0
dupe,1,0
dreist,1,0
dresden,1,0
heilige,1,0
dslteam,1,0
dsluser,1,0
haushaltsreform,1,0
haus,1,0
duerften,1,0
dulden,1,0
hauptsaechlich,1,0
durchgehen,1,0
help,1,0
hauptakteur,1,0
harsche,1,0
hannoversche,1,0
handys,1,0
handelsblatt,1,0
handeln,1,0
durchschnitt,1,0
durchschnittliche,1,0
hamburger,1,0
e197429c5610645cab70619d096d35bc5,1,0
hell,1,0
dpl,1,0
haetten,1,0
himmel,1,0
hna,1,0
hlavní,1,0
hitmeister,1,0
historisch,1,1
hirn,1,0
hinzugefuegt,1,0
hinzufuegen,1,0
diskutiert,1,0
hintergrundberichte,1,0
dnews,1,0
hilfeseite,1,0
dortigen,1,0
hiermit,1,0
hierher,1,0
hhkjhkhlkjh,1,0
hh,1,0
doppler,1,0
herzlichen,1,0
hereingefallen,1,0
herein,1,0
herauslöst,1,0
herausforderungen,1,0
hafen,1,0
haertet,1,0
d90,1,0
eher,1,0
gleich,1,0
glaubwuerdigkeit,1,0
glaubens,1,0
gigantischen,1,0
giftgasungluecks,1,0
gift,1,0
efafcup,1,0
gib,1,0
giants,1,0
gewinnt,1,0
getötet,1,0
editorsweblog,1,0
getaeuscht,1,0
eidsvoll,1,0
eigener,1,0
eigenes,1,0
gestalten,1,0
gesicherten,1,0
gesetzt,1,0
gesetzliche,1,0
eigenstaendig,1,0
geschuetzter,1,0
gleichermassen,1,0
globalisierungskritische,1,0
haenden,1,0
ecommon,1,0
hackers,1,0
główna,1,0
guter,1,1
guten,1,0
gut,1,0
gudanggaram,1,0
grösste,1,0
ebenfalls,1,0
echtes,1,0
grundsaetzlich,1,0
edition”,1,0
glubschaugen,1,0
grossen,1,0
grossem,1,0
grosse,1,0
grenzenlosem,1,0
graz,1,0
graswurzeljournalismus,1,0
googlenews,1,0
google,1,0
editorial,1,0
glueckwunsch,1,0
hobbyschreiber,1,0
direkter,1,0
direkten,1,0
irgendwann,1,0
italien,1,0
db,1,0
israelische,1,0
ismo,1,0
dd,1,0
deaktiviert,1,0
iskussion,1,0
deaktivierte,1,0
irref,1,0
irgendwie,1,0
irgendein,1,0
datums,1,0
ipblocklist,1,0
debatte,1,0
ip,1,0
inzwischen,1,0
decken,1,0
interviewpartner,1,0
delete,1,0
internetzensur,1,0
internetzeitungen,1,0
internetseiten,1,0
davon,1,0
datiert,1,0
hoffendlich,1,0
danach,1,0
juengstes,1,0
juedischen,1,0
jude,1,0
jubel,1,0
js,1,0
dadurch,1,0
journalistenverbandes,1,0
journalist,1,0
dahin,1,0
journalism,1,0
daniel,1,0
datenbank,1,0
jeweils,1,0
jeweiligen,1,0
jemand,1,0
jegliche,1,0
darauf,1,0
darstellung,1,0
janukowitsch,1,0
darueber,1,0
jan,1,0
jahrestag,1,0
internet,1,0
interne,1,0
interessierte,1,0
idee,1,0
dienstag,1,0
impressum,1,0
dient,1,0
diff,1,0
digg,1,0
ii,1,0
digital,1,0
dimension,1,0
identifiziert,1,0
ideen,1,0
icon,1,0
interessen,1,0
icio,1,0
ibm,1,0
dioxinskandal,1,0
hut,1,0
hundert,1,0
huffington,1,0
diplomatischen,1,0
direkt,1,0
holtzbrinckverlag,1,0
hohenasperg,1,0
dgdg,1,0
dezember2010,1,0
individualethik,1,0
indiziert,1,0
interessantes,1,0
interessant,1,0
integriert,1,0
integrieren,1,0
demnaechst,1,0
inspiriert,1,1
deren,1,0
innland,1,0
innerhalb,1,0
derwesten,1,0
inklusive,1,0
initiiert,1,0
inhalten,1,0
deutlich,1,0
deutsch,1,0
informiert,1,0
informationswert,1,0
informationsquellen,1,0
information,1,0
informantenschutz,1,0
deutschlands,1,0
geschlossen,1,0
eigentlich,1,0
gesamt,1,0
entsteht,1,1
financial,1,0
file,1,1
fiel,1,0
entsprechenden,1,0
ffcc00,1,0
festtelekomvorwahltelefon,1,0
festgelegt,1,0
fest,1,0
entsprechender,1,0
entstandene,1,0
fehlanlegung,1,0
finde,1,1
februar,1,0
faznet,1,0
farbtabellen,1,0
farbtabelle,1,0
entwicklung,1,0
entzieht,1,0
enzyklopaedie,1,0
falsche,1,0
falschdie,1,0
falsch,1,0
find,1,0
findest,1,0
entengefasel,1,0
folgt,1,0
forum,1,0
forside,1,0
formulierungen,1,0
entenplatz,1,0
formaten,1,0
entpuppen,1,0
foren,1,0
forderung,1,0
fordert,1,0
entschaedigungen,1,0
folgenden,1,0
findet,1,1
entschaedigungszahlungen,1,0
focus,1,0
flutkatastrophe,1,0
flugunfaellen,1,0
flickr,1,0
entsperren,1,0
firmen,1,0
firma,1,0
finte,1,0
entsprechen,1,0
falls,1,1
fallen,1,0
falle,1,1
erschienen,1,0
erwischen,1,0
ergaenzung,1,0
erweitert,1,0
erwartet,1,0
erstes,1,1
ergebnissen,1,0
erstellung,1,0
erinnern,1,0
erkennen,1,0
erklaerte,1,0
erschiene,1,1
fakten,1,0
erscheinen,1,0
erschaffen,1,0
ersatzweise,1,0
erl,1,0
erobert,1,0
ernst,1,0
ernannt,1,0
ermöglichen,1,0
erledigte,1,0
erledigen,1,0
erfuellt,1,0
erfolgreicher,1,0
eta,1,0
etc,1,0
fairen,1,0
faende,1,1
faellt,1,0
faellen,1,0
erachtet,1,0
erblindeten,1,0
expr,1,0
experimentiert,1,0
experimente,1,0
experiment,1,0
exklusiv,1,0
erde,1,0
existierenden,1,0
erfahrung,1,0
eventuell,1,0
europaeisches,1,1
erfasst,1,0
erfolg,1,0
etwa,1,0
etusivu,1,0
erfolgen,1,1
fotos,1,0
founder,1,0
gerti,1,0
gegenseitigen,1,0
geldpolitik,1,0
einheitlichkeit,1,0
einlaedt,1,0
einordnung,1,0
gehörende,1,0
einsaetze,1,0
einsaetzen,1,0
geheim,1,0
einsatzentscheidungen,1,0
einspruch,1,0
gegebenenfalls,1,0
gemacht,1,0
gegeben,1,0
gegangen,1,0
gefurzt,1,0
gefuellt,1,0
gefasst,1,0
gefahr,1,0
gefaengniskrankenhaus,1,0
geert,1,0
geekkultur,1,0
geburtstag,1,0
geloggt,1,0
eingeraeumt,1,0
ente,1,0
einfuehrung,1,0
einfluss«,1,0
geringere,1,0
gering,1,0
gerichtsurteile,1,0
gerichtshof,1,0
gerichtsbarkeit,1,0
gerichtlich,1,0
gericht,1,0
geraeten,1,0
geraete,1,0
geographische,1,0
gemeinfrei,1,0
generieren,1,0
genehmigt,1,0
gene,1,0
eingebauter,1,0
genannten,1,0
eingebunden,1,0
eingebundene,1,1
gemeinschaftlich,1,0
gemeinsam,1,0
eingehalten,1,0
gebursta,1,0
einstiegshilfeseite,1,0
gebilde,1,0
freiburg,1,0
fruehere,1,1
fristen,1,0
friss,1,0
freudenfeuerwerk,1,0
fremdsprachige,1,0
fremden,1,0
freiwilligen,1,0
empfehlenswert,1,1
freiheitsstrafe,1,0
endringer,1,0
frei,1,0
gebietet,1,0
französische,1,0
franz,1,0
enhalten,1,0
frankfurt,1,0
frank,1,0
fraktionsvorsitzenden,1,0
fraktionen,1,0
fraktion,1,0
enstehen,1,0
frage,1,0
ftd,1,0
fuege,1,0
fuegt,1,0
eloquence,1,0
gebiet,1,0
geben,1,0
gearbeitet,1,0
geaendert,1,0
gates,1,0
eintrag,1,0
gartenzaun,1,0
garcia,1,0
ganzer,1,0
eintragen,1,0
galler,1,0
einzelheiten,1,0
fördern,1,0
einzuholen,1,0
einzustufen,1,0
funktionierenden,1,0
eisenbahnen,1,0
electronic,1,0
fullurl,1,1
elektrizitaet,1,0
fuenftel,1,0
jugendkriminalitaet,1,0
julia,1,0
platzte,1,0
nahmen,1,0
nennt,1,0
negative,1,0
neeeeein,1,0
neben,1,0
nationalsozialismus,1,0
betrifft,1,0
namensregelung,1,0
namensraum,1,0
bewusst,1,0
bezahlte,1,0
naeheres,1,0
netter,1,0
naehere,1,0
naechster,1,0
nachwirkungen,1,0
nachtraeglich,1,0
nacht,1,0
nachrichtenwert,1,0
bezahlung,1,0
nachrichtenteil,1,0
bezeichnet,1,0
nachrichtenportals,1,0
beteilige,1,0
betaversion,1,0
bezuege,1,1
newarticletext,1,0
niedersachsen,1,0
newstickerpolitik,1,0
newstickerkultur,1,0
besserung,1,0
newssite,1,0
newsseite,1,0
newsportal,1,0
newsnamensraum,1,0
newsmedlungen,1,0
bestaetigen,1,0
new,1,0
netzanbieter,1,0
bestanden,1,0
besten,1,0
neutralen,1,0
neutral,1,0
neues,1,0
bestimmten,1,0
bestimmung,1,0
neuem,1,0
bestimmungen,1,0
neu,1,0
nachrichtenportale,1,0
nachrichtendienst,1,0
d21e95,1,0
mod,1,0
bildrechte,1,1
bildungssystem,1,0
biofilme,1,0
momentanen,1,0
bischof,1,0
moment,1,0
molekulares,1,0
moldawien,1,0
moeller,1,0
modifications,1,0
mobilfu,1,0
bilder,1,0
mitverschoben,1,0
mitverschieben,1,0
mitstreiter,1,0
bislang,1,0
mitgliedszeitschrift,1,0
mitglied,1,0
mitgeteilt,1,0
bitten,1,0
mitarbeiten,1,0
mist,1,0
movie,1,0
mudanças,1,0
nachrichtenartikel,1,0
bhopalopfer,1,0
nachrichtenagentur,1,0
bgcrop,1,0
bhopalentschaedigung,1,0
nachdem,1,0
nachbarn,1,0
nachahmen,1,0
n24artikel,1,0
n24,1,0
möller,1,0
möglichst,1,0
bibliothek,1,0
muenze,1,0
möchten,1,0
bichlbaum,1,0
mw,1,0
muutokset,1,0
bieten,1,0
mutig,1,0
musterartikel,1,0
muster,1,0
bietet,1,0
muessten,1,0
niederschlagsfrei,1,0
niemals,1,0
besorgt,1,0
orientiert…,1,0
pagename,1,0
erlaesst,1,0
paar,1,0
p,1,0
ozeanisches,1,1
ostsee,1,0
ostatnie,1,0
ort,1,0
belege,1,0
belgien,1,0
orientieren,1,0
papst,1,0
organisatorisches,1,1
benutzerblockaden,1,0
benutzerkonto,1,0
ordnet,1,0
order,1,1
orangene,1,0
benutzern,1,0
oppositionskandidaten,1,0
oppositionsfuehrer,1,0
opposition,1,1
panicmache,1,0
parameter,1,0
nirwanischen,1,0
personen,1,0
platz,1,0
beides,1,0
beihilfe,1,0
pickings,1,0
philippinischen,1,0
phaenomens,1,0
pflicht,1,0
pflegt,1,0
peruanerin,1,0
persönlichkeiten,1,0
personalien,1,0
beizustellen,1,0
permanent,1,0
beispielartikel,1,0
beispiellosen,1,0
beispielsweise,1,0
pc,1,0
paulvorbach,1,0
patenten,1,0
patalong,1,0
beitraege,1,0
beitraegen,1,0
opfer,1,0
benutzername,1,0
onlyifediting,1,0
beschloss,1,0
berlusconipartei,1,0
nutzungsbedingungen,1,0
nutzungsbedingung,1,0
beruecksichtigen,1,0
nutzer,1,0
beruecksichtigung,1,0
nummer,1,0
numberofarticles,1,0
nsverbrecher,1,0
beschliessen,1,0
nov,1,0
benutzersperrung,1,0
beschrieben,1,0
notebook,1,0
beschuss,1,0
norwegischen,1,0
normenkontrollverfahren,1,0
normale,1,0
besiegten,1,0
noeditsection,1,1
noarticletext,1,0
besonderer,1,0
nutzungsrechte,1,1
obenstehende,1,0
oberkategorie,1,0
oberste,1,0
onlinewörterbuch,1,0
onlinemagazine,1,0
benutzersprachen,1,0
onlinekosten,1,0
benutzerzahl,1,1
benutzt,1,0
oldid,1,0
okt,1,0
ohmynews,1,0
oftmals,1,0
offline,1,0
berichten,1,0
offensichtlich,1,0
offener,1,0
offenen,1,0
offene,1,0
of,1,0
berichtigte,1,0
obsolet,1,0
obleute,1,0
oberstes,1,0
missionen,1,0
miss,1,0
ministerpraesidenten,1,0
kurier,1,0
laedt,1,0
charlottenburg,1,0
königreichs,1,0
königreich,1,0
kölnlexikon,1,0
köln,1,0
kuturticker,1,0
kurzfassung,1,1
kurzartikel,1,0
kursbestimmung,1,0
chemienobelpreis,1,0
laenge,1,1
chinesische,1,0
krueger,1,0
kritische,1,0
chinesischen,1,0
krise,1,0
chinesischer,1,0
kressreport,1,0
krankheiten,1,0
kraefte,1,0
kostenloses,1,0
ch,1,0
laenger,1,0
lemma,1,0
lastindexof,1,0
leidenschaft,1,0
leiden,1,0
cc,1,0
ccby,1,0
leeren,1,0
lebenslange,1,0
lebens,1,0
layers,1,0
lautete,1,0
ccbylizenz,1,0
cellpadding,1,0
laesst,1,0
cellspacing,1,0
langsamer,1,0
langfristig,1,0
langen,1,0
landtagswahl‬,1,0
landgericht,1,0
landen,1,0
lanciert,1,0
lagerkommandant,1,0
laeuft,1,0
korrekturen,1,1
chronischen,1,0
citizen,1,0
count,1,1
computerwelt,1,0
klausel,1,0
klaeren,1,0
kissling,1,0
kiew,1,0
kezdőlap,1,0
kernaussage,1,0
kennzeichnung,1,0
kennzeichnen,1,0
kategorienbereinigung,1,1
katastrophe,1,0
konzept,1,0
kassiert,1,0
kasselwiki,1,0
kasseler,1,0
karlsruher,1,0
current,1,0
kannibalisiert,1,0
juschtschenkos,1,0
currenthour,1,0
cyper,1,0
d,1,0
klicken,1,0
koalition,1,0
computerhersteller,1,0
kollaborativen,1,0
konvergenz,1,0
kontinentleiste,1,0
kontinente,1,0
class,1,1
co,1,0
konstitutive,1,0
konsequenzen,1,0
konsequent,1,0
comment,1,0
konkurrenz,1,0
konkretisiert,1,0
kondom,1,0
kompletten,1,0
commonslogo,1,0
kommt,1,0
kommissario,1,0
kommerziell,1,0
communitynetzzeitungsseite,1,0
communitys,1,1
kommas,1,0
kolonialpolitik,1,0
leitlinien,1,0
catscan,1,0
millionen,1,0
mass,1,0
mehrere,1,0
bonn,1,0
medienticker,1,0
medientheoretiker,1,0
medienrauschen,1,0
medienpreis,1,0
bots,1,0
brach,1,0
brackets,1,0
brauchen,1,0
markenrecht,1,1
meint,1,0
britischen,1,0
maria,1,0
manuelle,1,0
manuellautomatische,1,0
manual,1,0
mantilla,1,0
mannheim,1,0
mangelnder,1,0
buechern,1,0
buergerjournalisten,1,0
mehrfachweiterleitungen,1,0
meinung,1,0
lesenswert,1,0
meta,1,1
milliarden,1,0
militaerstrukturen,1,0
militaerischen,1,0
militaerbeobachter,1,0
microsoft,1,0
blockade,1,0
blockieren,1,0
mez,1,0
metawiki,1,0
metaseite,1,0
mesz,1,0
bombe,1,0
blog,1,0
mergen,1,0
menschliche,1,0
menschenleben,1,0
blogger,1,0
mens,1,0
blog…,1,0
bochum,1,0
melden,1,0
meinungsbilder,1,0
mailman,1,0
mailingliste,1,0
mail,1,0
linktipp,1,0
localdayname,1,1
localday,1,0
börse,1,0
lizenzbausteinen,1,0
böser,1,0
listinfo,1,0
listen,1,0
callbycallvorwahl,1,0
linuxmagazin,1,0
linux,1,0
cambl,1,0
buergern,1,0
cambls,1,0
liessen,1,0
liefert,1,0
liefern,1,0
lieber,1,0
leute,1,0
canvis,1,0
leserschaft,1,0
categorytree,1,0
lesenswerter,1,0
localhour,1,0
localmonth,1,0
byitkyina,1,0
localtime,1,0
buerokratenlogbuch,1,1
mafiaverdaechtiger,1,0
maerz,1,1
maerkte,1,0
bug,1,0
macht’s,1,0
buhlen,1,0
löschlogbuch,1,0
bundesregierung,1,0
löschkandidat,1,0
lovink,1,0
lotto,1,0
london,1,0
lokalnachrichten,1,0
lokales,1,1
bundesverfassungsgerichtsurteil,1,0
burdaverlag,1,0
log,1,0
bverfg,1,0
bverfge90,1,0
localurl,1,0
首页,1,0
